rubrique;controle
07.02_2024;carnet_prés
07.06_2021;carnet_prés
07.07_2021;carnet_prés
07.08_2025;carnet_prés
07.09_2021;carnet_prés
07.10_2021;carnet_prés
09.02_2018;carnet_prés
09.03_2017;carnet_prés
18.01_2023;carnet_prés
18.02_2024;carnet_prés
19.01_2023;carnet_prés
07.01_2023;bilan_fumure
07.02_2024;bilan_fumure
09.02_2018;bilan_fumure
19.01_2023;bilan_fumure
07.02_2024;liste_surfaces
07.03_2025;liste_surfaces
07.04_2021;liste_surfaces
07.06_2021;liste_surfaces
09.01_2017;liste_surfaces
07.01_2023;analyse_sol
07.13_2025;analyse_sol
09.07_2017;bilan_fourrager
09.08_2017;bilan_fourrager
09.09_2017;bilan_fourrager
09.10_2017;bilan_fourrager
11.01_2021;bilan_fourrager
01.1.A_2021;plan_traitement
01.1.B_2021;plan_traitement
07.01_2023;plan_traitement
07.02_2024;plan_traitement
07.06_2021;plan_traitement
07.07_2021;plan_traitement
07.08_2025;plan_traitement
07.09_2021;plan_traitement
07.10_2021;plan_traitement
07.11_2021;plan_traitement
09.02_2018;plan_traitement
09.04_2017;plan_traitement
16.01_2023;plan_traitement
16.02_2023;plan_traitement
16.03_2023;plan_traitement
16.04_2023;plan_traitement
16.05_2023;plan_traitement
01.4_v6;checklist_vét
02.1_v4opt;checklist_vét
03.60_v1;checklist_vét
09.07_2017;checklist_vét
09.08_2017;checklist_vét
09.09_2017;checklist_vét
09.10_2017;checklist_vét
02.2_v6;BDTA
03.60_v1;BDTA
09.07_2017;BDTA
09.08_2017;BDTA
09.09_2017;BDTA
09.10_2017;BDTA
07.12_2023;vérification_machines
07.13_2025;vérification_machines
30.01_2024;vérification_machines
09.07_2017;journal_sorties
09.08_2017;journal_sorties
09.09_2017;journal_sorties
09.10_2017;journal_sorties
12.20_2026;journal_sorties
12.21_2025;journal_sorties
12.22_2025;journal_sorties
12.23_2025;journal_sorties
12.24_2025;journal_sorties
12.25_2025;journal_sorties
12.26_2025;journal_sorties
12.30_2023;journal_sorties
12.31_2023;journal_sorties
07.04_2021;visite_parcelles
07.06_2021;visite_parcelles
07.07_2021;visite_parcelles
07.08_2025;visite_parcelles
07.09_2021;visite_parcelles
07.10_2021;visite_parcelles
07.11_2021;visite_parcelles
07.13_2025;visite_parcelles
09.04_2017;visite_parcelles
16.01_2023;visite_parcelles
16.05_2023;visite_parcelles
18.01_2023;visite_parcelles
18.02_2024;visite_parcelles
03.30_v1;visite_écuries
03.31_v1;visite_écuries
03.32_v1;visite_écuries
03.33_v1;visite_écuries
03.34_v1;visite_écuries
03.35_v1;visite_écuries
03.36_v1;visite_écuries
03.37_v1;visite_écuries
03.38_v1;visite_écuries
03.41_v1;visite_écuries
03.42_v1;visite_écuries
03.43_v1;visite_écuries
09.07_2017;visite_écuries
09.08_2017;visite_écuries
09.09_2017;visite_écuries
09.10_2017;visite_écuries
12.01_2023;visite_écuries
12.02_2021;visite_écuries
12.03_2021;visite_écuries
12.04_2023;visite_écuries
12.05_2023;visite_écuries
12.06_2021;visite_écuries
12.20_2026;visite_écuries
12.21_2025;visite_écuries
12.22_2025;visite_écuries
12.23_2025;visite_écuries
12.24_2025;visite_écuries
12.25_2025;visite_écuries
12.26_2025;visite_écuries
12.30_2023;visite_écuries
12.31_2023;visite_écuries
20.01_2021;visite_écuries
01.2_v4;inspection_bétail
02.1_v4opt;inspection_bétail
03.30_v1;inspection_bétail
03.31_v1;inspection_bétail
03.32_v1;inspection_bétail
03.33_v1;inspection_bétail
03.34_v1;inspection_bétail
03.35_v1;inspection_bétail
03.36_v1;inspection_bétail
03.37_v1;inspection_bétail
03.38_v1;inspection_bétail
03.41_v1;inspection_bétail
03.42_v1;inspection_bétail
03.43_v1;inspection_bétail
03.60_v1;inspection_bétail
09.07_2017;inspection_bétail
09.08_2017;inspection_bétail
09.09_2017;inspection_bétail
09.10_2017;inspection_bétail
12.01_2023;inspection_bétail
12.02_2021;inspection_bétail
12.03_2021;inspection_bétail
12.04_2023;inspection_bétail
12.05_2023;inspection_bétail
12.06_2021;inspection_bétail
12.20_2026;inspection_bétail
12.21_2025;inspection_bétail
12.22_2025;inspection_bétail
12.23_2025;inspection_bétail
12.24_2025;inspection_bétail
12.25_2025;inspection_bétail
12.26_2025;inspection_bétail
12.30_2023;inspection_bétail
12.31_2023;inspection_bétail
01.1.A_2021;visite_local
01.2_v4;visite_local
01.3_v3opt;visite_local
20.01_2021;visite_local
30.01_2024;visite_local
